{
  "id": "upleaping-duennas",
  "name": "Upleaping Duennas",
  "x": -78,
  "y": -1758.4939355846432,
  "width": 2294.2321041037912,
  "height": 1466.4726380057646,
  "color": "#4ECDC480",
  "rotation": 0,
  "locked": false,
  "visible": true,
  "opacity": 1
}