{
  "id": "pixel-pioneer-advanced",
  "name": "Pixel Pioneer Advanced",
  "x": -1120.8567397999993,
  "y": -495.19481702108965,
  "width": 1024,
  "height": 1558.6213495995612,
  "color": "#FF000080",
  "rotation": 0,
  "locked": false,
  "visible": true,
  "opacity": 1
}